webId,erpProductId,erpSku,erpName,siteName,siteSlug,collection,sitePriceToman,isNew,nameDiffers
MOAK-YEK-BLACK,cmjsn4atb001gflka5moqk22d,YEK/BLK,"YEK - Black","YEK - Black",yek-blacyek-black-minimal-eco-friendly-sunglasses,"ON A MISSION",5200000,,
MOAK-YEK-SAFARI,cmjsn4ac2001fflkay7wvo6ye,YEK/SAFR,"YEK - Safari","YEK - Safari",yek-havana,"ON A MISSION",5200000,,
MOAK-YEK-BROWN,cmjsn49t8001eflkaoa8ey3pl,YEK/BRWN,"YEK - Brown","YEK - Brown",yek-brown,"ON A MISSION",5200000,,
MOAK-DO-BLACK,cmjsn49c4001dflkatzqf8i24,DO/BLK,"DO - Black","DO - Black",do-black-classic-balanced-sunglasses-tr90,"ON A MISSION",9100000,,
MOAK-DO-TRANSPARENT,cmjsn48lb001cflka1cucicll,DO/TRNS,"DO - Transparent","DO - Transparent",do-transparent-balanced-sunglasses-tr90,"ON A MISSION",9100000,,
MOAK-DO-BROWN,cmjsn4840001bflkamb7hme2l,DO/BRWN,"DO - Brown","DO - Brown",do-brown-balanced-sunglasses,"ON A MISSION",9100000,,
MOAK-SE-BROWN,cmjsn47ms001aflkauxnqsuuy,SE/BRWN,"SE - Brown","SE - Brown",se-brown-retro-round-sunglasses-tr90,"ON A MISSION",9400000,,
MOAK-SE-BLACK,cmjsn46tt0019flkaztgtxkem,SE/BLK,"SE - Black","SE - Black",se-black-retro-round-sunglasses-tr90,"ON A MISSION",9400000,,
MOAK-CHAR-BLACK,cmjsn46820018flkaix034lam,CHAR/BLK,"CHAR - Black","CHAR - Black",char-black-oval-90s-nostalgic-sunglasses,"ON A MISSION",10500000,,
MOAK-CHAR-TRANSPARENT,cmjsn45r00017flka22780xo7,CHAR/TRNS,"CHAR -  Transparent","CHAR -  Transparent",char-transparent-oval-nostalgic-90s-sunglasses,"ON A MISSION",10500000,,
MOAK-PANJ-BLUE,cmjsn45970016flka4irfmsrj,PANJ/BLUE,"PANJ - Blue","PANJ - Blue",panj-blue-transparent-square-sunglasses-tr90,"ON A MISSION",15700000,,
MOAK-PANJ-HAVANA,cmjsn44l00015flkagbnz0tgu,PANJ/HAVANA,"PANJ - Havana","PANJ - Havana",panj-havana-tortoiseshell-green-lens-sunglasses,"ON A MISSION",15700000,,
MOAK-PANJ-TRANSPARENT,cmjsn43z80014flkaoe10cz31,PANJ/TRNS,"PANJ - Transparent","PANJ - Transparent",panj-transparent-grey-square-uv400-sunglasses,"ON A MISSION",15700000,,
MOAK-HAFT-BLACK,cmjsn43d00013flka3atwqrna,HAFT/BLK,"HAFT - Black","HAFT - Black",haft-black-cat-eye-matte-sunglasses,"ON A MISSION",9800000,,
MOAK-HAFT-GREEN,cmjsn42vl0012flkaaxhp7f4o,HAFT/GREN,"HAFT - Green","HAFT - Green",haft-green-transparent-cat-eye-sunglasses,"ON A MISSION",9800000,,
MOAK-HAFT-TRANSPARENT,cmjsn42ec0011flkapk44vp86,HAFT/TRNS,"HAFT - Transparent","HAFT - Transparent",haft-grey-transparent-cat-eye-tr90-sunglasses,"ON A MISSION",9800000,,
MOAK-HASHT-BLUE,cmjsn41w50010flka5p4i4cwk,HASHT/BLUE,"HASHT - Blue","HASHT - Blue",hasht-sky-blue-square-tr90-sunglasses,"ON A MISSION",7200000,,
MOAK-HASHT-BROWN,cmjsn41af000zflka1w4seubk,HASHT/BRWN,"HASHT - Brown","HASHT - Brown",hasht-brown,"ON A MISSION",7200000,,
MOAK-265OW-BLACK,cmjsn40oo000yflka1wyo6qy3,265W/BLK,"265ºW - Black","265ºW - Black",265ow-black,"ON A MISSION",14700000,,
MOAK-265OW-BLUE,cmjsn404r000xflkatpqbqpc3,265W/BLUE,"265ºW - Blue","265ºW - Blue",265ow-blue,"ON A MISSION",14700000,,
MOAK-265OW-TRANSPARENT,cmjsn3zgh000wflkac4vua9db,265W/TRNS,"265ºW - Transparent","265ºW - Transparent",265ow-transparent,"ON A MISSION",14700000,,
MOAK-80OE-BLACK,cmjsn3yss000vflkakc9jj1yj,80E/BLK,"80ºE - Black","80ºE - Black",80oe-black,"ON A MISSION",21500000,,
MOAK-80OE-GREEN,cmjsn3y96000uflka4ix3tqr5,80E/GREN,"80ºE - Green","80ºE - Green",80oe-green,"ON A MISSION",21500000,,
MOAK-80OE-TRANSPARENT,cmjsn3xl0000tflkaapkxdelg,80E/TRNS,"80ºE - Transparent","80ºE - Transparent",80oe-transparent,"ON A MISSION",21500000,,
MOAK-230OW-HAVANA,cmjsn3wyt000sflka5tcmo6r0,230W/HVNA,"230ºW - Havana","230ºW - Havana",230ow-havana,"ON A MISSION",14500000,,
MOAK-230OW-YELLOW,cmjsn3wal000rflka5vzr84qg,230W/YELO,"230ºW - Yellow","230ºW - Yellow",230ow-yellow,"ON A MISSION",14500000,,
MOAK-230OW-BLACK,cmjsn3vqy000qflka6ctdos59,230W/BLK,"230ºW - Black","230ºW - Black",230ow-black,"ON A MISSION",14500000,,
MOAK-250OW-GREEN,cmjsn3v97000pflka29w1322u,250W/GREN,"250ºW - Green","250ºW - Green",250ow-green,"ON A MISSION",17800000,,
MOAK-250OW-RED,cmjsn3ukq000oflkauwa4r1b7,250W/RED,"250ºW - Red","250ºW - Red",250ow-red,"ON A MISSION",17800000,,
MOAK-250OW-BLACK,cmjsn3twf000nflkaj22p6fas,250W/BLK,"250ºW - Black","250ºW - Black",250ow-black,"ON A MISSION",17800000,,
MOAK-290OW-BROWN,cmjsn3ta5000mflkay26z8ggt,290W/BRWN,"290ºW - Brown","290ºW - Brown",290ow-brown,"ON A MISSION",15200000,,
MOAK-290OW-GREEN,cmjsn3so4000lflka0ivqoaw1,290W/GREN,"290ºW - Green","290ºW - Green",290ow-green,"ON A MISSION",15200000,,
MOAK-290OW-HAVANA,cmjsn3rv7000kflkaxjoz2oo1,290W/HVNA,"290ºW - Havana","290ºW - Havana",290ow-havana,"ON A MISSION",15200000,,
MOAK-300OW-BLACK,cmjsn3r96000jflka37mjgtmm,300W/BLK,"300ºW - Black","300ºW - Black",300ow-black,"ON A MISSION",19500000,,
MOAK-300OW-BLUE,cmjsn3qpa000iflkabjr13i5y,300W/BLUE,"300ºW - Blue","300ºW - Blue",300ow-blue,"ON A MISSION",19500000,,
MOAK-300OW-YELLOW,cmjsn3q0u000hflkake2y7h8e,300W/YELO,"300ºW - Yellow","300ºW - Yellow",300ow-yellow,"ON A MISSION",19500000,,
MOAK-310OW-BLACK,cmjsn3pf1000gflka8oa6s5ea,310W/BLK,"310ºW - Black","310ºW - Black",310ow-black,"ON A MISSION",10800000,,
MOAK-310OW-BROWN,cmjsn3ov8000fflkatdtifwz2,310W/BRWN,"310ºW - Brown","310ºW - Brown",310ow-brown,"ON A MISSION",10800000,,
MOAK-310OW-HAVANA,cmjsn3o1w000eflka0k9y16r8,310W/HVNA,"310ºW - Havana","310ºW - Havana",310ow-havana,"ON A MISSION",10800000,,
MOAK-320OW-BLACK,cmjsn3nfn000dflkab6kx7o2i,320W/BLK,"320ºW - Black","320ºW - Black",320ow-black,"ON A MISSION",16700000,,
MOAK-320OW-BLUE,cmjsn3moo000cflkabdc3rsn1,320W/BLUE,"320ºW - Blue","320ºW - Blue",320ow-blue,"ON A MISSION",16700000,,
MOAK-320OW-HAVANA,cmjsn3m0h000bflkaplqli8i4,320W/HVNA,"320ºW - Havana","320ºW - Havana",320ow-havana,"ON A MISSION",16700000,,
MOAK-SE-GREEN,cmjsn3li5000aflka9m20cxap,SE/GREN,"SE - Green","SE - Green",themoak-se-green-mint-sunglasses,"ON A MISSION",9400000,,
MOAK-CHAR-HAVANA,cmjsn3l0v0009flkajbwmyrur,CHAR/HAVANA,"CHAR -  Havana","CHAR -  Havana",char-havana,"ON A MISSION",10500000,,
MOAK-VERIDA-HAVANA,cmjsn3kjc0008flkahf602qk6,VERIDA,"VERIDA","VERIDA",verida-havana-the-new-language,"THE NEW LANGUAGE",20000000,,
MOAK-STELLAN-BROWN,cmjsn3k1x0007flkazy8yxaeo,STELLAN,"STELLAN","STELLAN",stellan,"THE NEW LANGUAGE",15500000,,
MOAK-KYRO-BLACK,cmjsn3jg10006flkakcomajiq,KYRO,"KŶRO","KŶRO",kyro-black-the-new-language,"THE NEW LANGUAGE",16700000,,
MOAK-AETHEL-RED,cmjsn3ist0005flkauua09x57,AETHEL,"AETHEL","AETHEL",aethel-transparent-red,"THE NEW LANGUAGE",36000000,,
MOAK-BRECK-BROWN,cmjsn3i6y0004flkapb9nl3u8,BRECK,"BRECK","BRECK",breck-havana-the-new-language,"THE NEW LANGUAGE",18850000,,
MOAK-ARGONAUTS-BLACK,cmjsn3hk60003flka3474nygw,ARGO,"ARGONAUTS","ARGONAUTS",argonauts,"THE NEW LANGUAGE",18000000,,
MOAK-KAI-BROWN,cmjsn3gvi0002flkacl59t4um,KAI,"KAI","KAI",kai-havana-the-new-language,"THE NEW LANGUAGE",19800000,,
MOAK-KRONA-YELLOW,cmjsn3g4c0001flka9cu25lkw,KRONA,"KRONA","KRONA",krona,"THE NEW LANGUAGE",14500000,,
MOAK-320OW-SMOKE,cmjtw8eys0005b2n2jzgmxeyv,320W/SMOKE,"320ºW - Smoke","320ºW - Smoke",320ow-smoke,"ON A MISSION",16700000,,
MOAK-250OW-HONEY,cmjx4ym820003vivy5mizqq0f,250W/HONEY,"250ºW - Honey","250ºW - Honey",250ow-honey,"ON A MISSION",17800000,,
MOAK-250OW-HAVANA,cmjx4ylt40002vivyucyegwmm,250W/HAVANA,"250ºW - Havana","250ºW - Havana",250ow-havana,"ON A MISSION",17800000,,
MOAK-PANJ-GREEN,cmjx4yldm0001vivymo701z68,PANJ/GREEN,"PANJ - Green","PANJ - Green",panj-green-marble-grey-lens-eyewear,"ON A MISSION",15700000,,
MOAK-PANJ-BLACK,cmjx4ykvq0000vivycx2oa40c,PANJ/BLACK,"PANJ - Black","PANJ - Black",panj-black-geometric-eyewear,"ON A MISSION",15700000,,
MOAK-HAFT-OLIVE,cmqi66x8w0000kbvkjrpb0o0p,HAFT/OLIVE,"HAFT - Olive","HAFT - Olive",haft-olive,"ON A MISSION",9800000,,
MOAK-HAFT-SILVER,cmqi67bdg0001kbvkwa6a47b3,HAFT/SILVER,"HAFT - Silver","HAFT - Silver",haft-silver,"ON A MISSION",9800000,,
MOAK-HAFT-BROWN,cmqi67kb60002kbvkoxvz8qdh,HAFT/BROWN,"HAFT - Brown","HAFT - Brown",haft-brown,"ON A MISSION",9800000,,
MOAK-DAMN-RAW-WHITE,cmqi91aul000fw181hu5rrbrm,RAW/WHIT,"DAMN RAW - White","DAMN RAW - White",damn-raw-white,"DAMN.",18500000,1,
MOAK-DAMN-RAW-BLACK,cmqi912cb000ew18199ontdae,RAW/BLK,"DAMN RAW - Black","DAMN RAW - Black",damn-raw-black,"DAMN.",18500000,1,
MOAK-DAMN-LOWKEY-HAVANA,cmqi90kzt000dw181zz6bwzg8,LOWKEY,"DAMN LOWKEY","DAMN LOWKEY",damn-lowkey,"DAMN.",18000000,1,
MOAK-DAMN-CHROME-BLACK,cmqi901gy000cw181m31msm1x,CHROM/BLK,"DAMN CHROME","DAMN CHROME",damn-chrome,"DAMN.",27000000,1,
MOAK-VECTOR-ONE-GREEN,cmqi8zhsh000bw181jnxvyfr5,VONE/GREN,"VECTOR ONE - Green","VECTOR ONE - Green",vector-one-green,"VECTOR",30000000,1,
MOAK-VECTOR-ONE-BLACK,cmqi8z9ip000aw1814tq8cer9,VONE/BLK,"VECTOR ONE - Black","VECTOR ONE - Black",vector-one-black,"VECTOR",30000000,1,
MOAK-DAMN-LURKING-YELLOW,cmqi8fadf0006gz7p15lfc96v,LURK/TRNSYELLO,"DAMN LURKING - Trans Yellow","DAMN LURKING - Yellow",damn-lurking-yellow,"DAMN.",17500000,1,1
MOAK-DAMN-LURKING-GREY,cmqi8eq000005gz7pi8duud0d,LURK/GREY,"DAMN LURKING - Grey","DAMN LURKING - Grey",damn-lurking-grey,"DAMN.",17500000,1,
MOAK-DAMN-NARROW-GREEN,cmqi8dlyz0004gz7p1nkyt4in,NAROW/GRENYELW,"DAMN NARROW - Green Yellow","DAMN NARROW - Green",damn-narrow-green,"DAMN.",16000000,1,1
MOAK-DAMN-NARROW-GREY,cmqi8d6az0003gz7pez12mf2r,NAROW/GREY,"DAMN NARROW - GREY","DAMN NARROW - Grey",damn-narrow-grey,"DAMN.",16000000,1,
MOAK-DAMN-OBSESSED-YELLOW,cmqi89eyg0002gz7p8eahy0b6,OBSSD/YLOW,"DAMN OBSESSED","DAMN OBSESSED",damn-obsessed,"DAMN.",16000000,1,
MOAK-DAMN-EXACT-HAVANA,cmqi88bgt0001gz7pk3ne2apw,EXACT/HVNA,"DAMN EXACT - Havana","DAMN EXACT - Havana",damn-exact-havana,"DAMN.",12300000,1,
MOAK-DAMN-TONAL-BLACK,cmqi87gtb0000gz7p3j42s739,TONAL/BLK,"DAMN TONAL - Black","DAMN TONAL - Black",damn-tonal-black,"DAMN.",14500000,1,
MOAK-DAMN-NICHE-YELLOW,cmqi867v70002mtoceuayc2v1,NICHE/CLRYELLW,"DAMN NICHE - Clear Yellow","DAMN NICHE - Yellow",damn-niche-yellow,"DAMN.",17500000,1,1
MOAK-DAMN-NICHE-BLACK,cmqi85tty0001mtochzisgy0p,NICHE/BLK,"DAMN NICHE - Black","DAMN NICHE - Black",damn-niche-black,"DAMN.",17500000,1,
MOAK-DAMN-VOID-GREEN,cmqi80bgp0000mtoc3bzrl116,VOID/GREN,"DAMN VOID - Green","DAMN VOID - Green",damn-void-green,"DAMN.",18000000,1,
MOAK-DAMN-STATIC-TRANSPARENT,cmqgx7svz0001a73krgr9xltm,STATIC/TRNS,"DAMN STATIC - Transparent","DAMN STATIC - Clear",damn-static-clear,"DAMN.",12700000,1,1
MOAK-DAMN-LOUD-WHITE,cmqgx5x5200008ly78nswbv87,LOUD/WHITE,"DAMN LOUD - White","DAMN LOUD - White",damn-loud-white,"DAMN.",14000000,1,
MOAK-DAMN-MOODY-RED,cmqgx2bqv0000a73khl7nxcdk,MOODY/RED,"DAMN MOODY - Red","DAMN MOODY - Red",damn-moody-red,"DAMN.",18000000,1,
MOAK-DAMN-FILTERED-HAVANA,cmqgqi7jr0000ycrewm2rzicp,FILTERED/HAVNA,"DAMN FILTERED - Havana","DAMN FILTERED - Havana",damn-filtered-havana,"DAMN.",16500000,1,
MOAK-DAMN-OFFLINE-GREEN,cmqgobewb0001lvvk50ph0j3a,OFFLINE/GREN,"DAMN OFFLINE - Green","DAMN OFFLINE - Green",damn-offline-green,"DAMN.",16500000,1,
MOAK-DAMN-LOUD-BLACK,cmqgo2xs1000ai19qv8skodi9,LOUD/BLK,"DAMN LOUD - Black","DAMN LOUD - Black",damn-loud-black,"DAMN.",14000000,1,
MOAK-DAMN-STATIC-BLACK,cmqgo2b740009i19qjh3u7fjr,STATIC/BLK,"DAMN STATIC - Black","DAMN STATIC - Black",damn-static-black,"DAMN.",12700000,1,
MOAK-DAMN-MUTED-BLACK,cmqgo1sxp0008i19qn5so3l7q,MUTED/BLK,"DAMN MUTED - Black","DAMN MUTED - Black",damn-muted-black,"DAMN.",13000000,1,
MOAK-DAMN-ARCHIVED-BLACK,cmqgo1drm0007i19qyac4c5lw,ARCHIVED/BLK,"DAMN ARCHIVED - Black","DAMN ARCHIVED - Black",damn-archived-black,"DAMN.",15000000,1,
MOAK-DAMN-MOODY-HAVANA,cmqgo0xhv0006i19qil8nfx19,MOODY/HVNA,"DAMN MOODY - Havana","DAMN MOODY - Havana",damn-moody-havana,"DAMN.",18000000,1,
MOAK-DAMN-PINNED-BROWN,cmqgo0jci0005i19qglwi9so4,PINNED/BRWNGREN,"DAMN PINNED - Brown Green","DAMN PINNED - Brown",damn-pinned-brown,"DAMN.",33000000,1,1
MOAK-DAMN-RARE-BLUE,cmqgo05pn0004i19qfeqhmo37,RARE/BLKBLU,"DAMN RARE - Black & Blue","DAMN RARE - Blue",damn-rare-blue,"DAMN.",35000000,1,1
MOAK-DAMN-FILTERED-BLACK,cmqgnzsc50003i19q7wom1dsi,FILTERED/BLK,"DAMN FILTERED - Black","DAMN FILTERED - Black",damn-filtered-black,"DAMN.",16500000,1,
MOAK-DAMN-POSTED-BLACK,cmqgnz98m0002i19qfvkvlr0o,POSTED/BLK,"DAMN POSTED - Black","DAMN POSTED - Black",damn-posted-black,"DAMN.",18000000,1,
MOAK-DAMN-OFFLINE-BLACK,cmqgnws4s0000i19q1kylhocl,OFFLINE-BLK,"DAMN OFFLINE - Black","DAMN OFFLINE - Black",damn-offline-black,"DAMN.",16500000,1,
